finish_pos_ew,finish_norm_ew,team_finish_norm_ew,spread_per_race,speed_bias,overtaking_pace,tyre_strategy,grid_score,quali_pos_norm,quali_gap_sec,practice_best_sec,grid_track_position,air_temp_c,wet_session,round,event,code,name,team,quali_pos,finish,retired,predicted_finish,wins,win_pct
3.880360985937501,0.17638004481534092,0.11684024598721592,8.108637370113428,2.2586485125,2.0401678875,1.580114703125,1.0,0.045454545454545456,0.0,0.2779999999999916,0.55,32.8,0.0,16,Bahrain Grand Prix,VER,Max Verstappen,Red Bull Racing,1.0,,False,-0.7490742,11903,47.612
3.1620611156250003,0.14373005071022726,0.053167302876420464,4.399928976699511,5.97113287890625,7.72816631640625,1.8920459914062504,0.8571428571428572,0.18181818181818182,0.5010000000000048,0.0,0.4714285714285715,32.8,0.0,16,Bahrain Grand Prix,ANT,Kimi Antonelli,Mercedes,4.0,,False,4.2152505,3752,15.008
9.6711958765625,0.43959981257102276,0.19112772244318182,5.797359312652615,-4.6249427984375,-4.660182157812501,1.47749811796875,0.9523809523809523,0.09090909090909091,0.2980000000000018,0.7389999999999901,0.5238095238095238,32.8,0.0,16,Bahrain Grand Prix,HAM,Lewis Hamilton,Ferrari,2.0,,False,4.965925,2921,11.684
4.522538032812501,0.2055699105823864,0.11684024598721592,1.224744871391589,1.6272169062500002,3.124591906250001,2.2737784757812505,0.9047619047619048,0.13636363636363635,0.4280000000000115,0.5579999999999927,0.4976190476190477,32.8,0.0,16,Bahrain Grand Prix,HAD,Isack Hadjar,Red Bull Racing,3.0,,False,6.9552937,1505,6.02
10.267976760156252,0.4667262163707387,0.33986400497159097,5.448623679425842,-6.19527796328125,-6.10492499453125,1.27223005390625,0.7619047619047619,0.2727272727272727,0.6270000000000095,0.8589999999999947,0.41904761904761906,32.8,0.0,16,Bahrain Grand Prix,NOR,Lando Norris,McLaren,6.0,,False,6.987876,1468,5.872
6.50335170078125,0.2956068954900568,0.19112772244318182,6.2599920127744575,-3.0800054976562503,-3.2799561070312504,1.6637418679687501,0.8095238095238095,0.22727272727272727,0.5360000000000014,0.7139999999999986,0.44523809523809527,32.8,0.0,16,Bahrain Grand Prix,LEC,Charles Leclerc,Ferrari,5.0,,False,7.1788187,1334,5.336
3.01098939765625,0.13686315443892047,0.053167302876420464,6.5752851649187045,-0.21011651718750018,-0.2739421265625002,1.8934481562500003,0.6666666666666667,0.36363636363636365,0.7409999999999997,0.6099999999999994,0.36666666666666675,32.8,0.0,16,Bahrain Grand Prix,RUS,George Russell,Mercedes,8.0,,False,8.690666,761,3.044
10.09454931484375,0.4588431506747159,0.33986400497159097,5.0990195135927845,-5.7335549015625,-5.4301833234375,1.7559209914062504,0.7142857142857143,0.3181818181818182,0.632000000000005,1.063999999999993,0.3928571428571429,32.8,0.0,16,Bahrain Grand Prix,PIA,Oscar Piastri,McLaren,7.0,,False,11.200777,256,1.024
13.837301478906252,0.6289682490411932,0.5506680633522727,2.9553976043842223,-5.17976958125,-5.18769631015625,1.27499811796875,0.6190476190476191,0.4090909090909091,1.2800000000000011,1.938999999999993,0.3404761904761905,32.8,0.0,16,Bahrain Grand Prix,GAS,Pierre Gasly,Alpine,9.0,,False,11.147719,237,0.948
8.21997083828125,0.37363503810369325,0.36523026466619324,1.5811388300841898,3.9310994671875,3.7723266703125002,1.6274181406250001,0.2857142857142857,0.7272727272727273,2.753,1.7819999999999965,0.15714285714285714,32.8,0.0,16,Bahrain Grand Prix,LIN,Arvid Lindblad,Racing Bulls,16.0,,False,12.21607,172,0.688
12.8404045359375,0.5836547516335228,0.5506680633522727,3.427827300200522,-2.66574999921875,-3.29717059296875,1.2934647031250002,0.33333333333333337,0.6818181818181818,2.0490000000000066,1.617999999999995,0.18333333333333338,32.8,0.0,16,Bahrain Grand Prix,COL,Franco Colapinto,Alpine,15.0,,False,12.458697,146,0.584
10.127784213281252,0.4603538278764205,0.36523026466619324,2.8613807855648994,0.7205795437500001,1.3142839500000005,1.8047209531250001,0.5238095238095238,0.5,1.8930000000000007,1.9639999999999986,0.2880952380952381,32.8,0.0,16,Bahrain Grand Prix,LAW,Liam Lawson,Racing Bulls,11.0,,False,12.493704,137,0.548
20.831574671875003,0.9468897578125002,0.8417131811079547,2.537222891273055,0.5827519812500002,0.02416785937500007,0.5058716007812502,0.38095238095238093,0.6363636363636364,2.436000000000007,2.5090000000000003,0.20952380952380953,32.8,0.0,16,Bahrain Grand Prix,STR,Lance Stroll,Aston Martin,14.0,,False,13.045854,113,0.452
13.339425244531252,0.6063375111150568,0.4700102667968751,2.277608394786075,0.5517994515625,0.3930266546875,1.7022868906250002,0.5714285714285714,0.45454545454545453,1.6839999999999975,1.9019999999999868,0.3142857142857143,32.8,0.0,16,Bahrain Grand Prix,BOR,Gabriel Bortoleto,Audi,10.0,,False,12.762393,111,0.444
13.789834322656253,0.6268106510298296,0.5768334389204546,3.059309562630104,-0.69111468046875,2.10727021875,2.52817441328125,0.4285714285714286,0.5909090909090909,2.3970000000000056,2.4139999999999873,0.23571428571428574,32.8,0.0,16,Bahrain Grand Prix,SAI,Carlos Sainz,Williams,13.0,,False,13.7090025,80,0.32
18.694992796875006,0.8497723998579546,0.8417131811079547,3.7228181529588578,0.24446817890625028,0.9071596875000002,0.9638750000000001,0.47619047619047616,0.5454545454545454,2.0900000000000034,1.9209999999999923,0.2619047619047619,32.8,0.0,16,Bahrain Grand Prix,ALO,Fernando Alonso,Aston Martin,12.0,,False,13.961448,65,0.26
10.779202242187502,0.48996373828125006,0.4700102667968751,4.044672421840859,3.89013646953125,3.6962595875,1.8047209531250001,0.23809523809523814,0.7727272727272727,2.8400000000000034,2.053999999999988,0.130952380952381,32.8,0.0,16,Bahrain Grand Prix,HUL,Nico Hulkenberg,Audi,17.0,,False,15.982181,17,0.068
11.372385182031252,0.5169265991832388,0.5057005362926137,3.3541019662496847,2.9115957851562504,2.14405019140625,1.8273687500000002,0.1428571428571429,0.8636363636363636,3.1030000000000086,1.9499999999999886,0.0785714285714286,32.8,0.0,16,Bahrain Grand Prix,OCO,Esteban Ocon,Haas F1 Team,19.0,,False,17.691826,10,0.04
13.086182735937502,0.5948264879971592,0.5057005362926137,3.5355339059327378,-0.04361627421875014,1.2305075609375,1.7141375,0.19047619047619047,0.8181818181818182,2.8500000000000085,2.3899999999999864,0.10476190476190476,32.8,0.0,16,Bahrain Grand Prix,BEA,Oliver Bearman,Haas F1 Team,18.0,,False,18.611116,6,0.024
16.657718482031253,0.7571690219105114,0.7315806859730115,3.0,3.3116502906250007,2.610479696875,1.7969200453125,0.0,1.0,3.8030000000000115,3.9209999999999923,0.0,32.8,0.0,16,Bahrain Grand Prix,PER,Sergio Perez,Cadillac,22.0,,False,19.330332,3,0.012
17.4368210828125,0.7925827764914773,0.7315806859730115,2.1758618981911515,3.3955401062500004,1.3443695125000001,1.9620644203125002,0.04761904761904767,0.9545454545454546,3.4810000000000088,3.6289999999999907,0.026190476190476222,32.8,0.0,16,Bahrain Grand Prix,BOT,Valtteri Bottas,Cadillac,21.0,,False,20.144434,2,0.008
17.859529559375,0.8117967981534091,0.5768334389204546,1.996089927833914,-2.7606496203125,-2.9836952140625,0.9420898179687501,0.09523809523809523,0.9090909090909091,3.469999999999999,2.747,0.05238095238095238,32.8,0.0,16,Bahrain Grand Prix,ALB,Alexander Albon,Williams,20.0,,False,19.699808,1,0.004
